Location,Indicator,Period,Dim1,Dim2,First Tooltip
Afghanistan,Raised fasting blood glucose (>=7.0 mmol/L or on medication)(age-standardized estimate),2014,Both sexes,18+  years,11.9 [8.1-16.5]
Albania,Raised fasting blood glucose (>=7.0 mmol/L or on medication)(age-standardized estimate),2014,Both sexes,18+  years,7.4 [4.7-11.1]
Algeria,Raised fasting blood glucose (>=7.0 mmol/L or on medication)(age-standardized estimate),2014,Both sexes,18+  years,12.4 [8.9-16.9]
Andorra,Raised fasting blood glucose (>=7.0 mmol/L or on medication)(age-standardized estimate),2014,Both sexes,18+  years,6.9 [4.4-10.1]
Angola,Raised fasting blood glucose (>=7.0 mmol/L or on medication)(age-standardized estimate),2014,Both sexes,18+  years,8.2 [4.8-13.5]
Antigua and Barbuda,Raised fasting blood glucose (>=7.0 mmol/L or on medication)(age-standardized estimate),2014,Both sexes,18+  years,11.5 [7-17.5]
Argentina,Raised fasting blood glucose (>=7.0 mmol/L or on medication)(age-standardized estimate),2014,Both sexes,18+  years,9.7 [6.2-13.9]
Armenia,Raised fasting blood glucose (>=7.0 mmol/L or on medication)(age-standardized estimate),2014,Both sexes,18+  years,11.5 [7.5-16.3]
Australia,Raised fasting blood glucose (>=7.0 mmol/L or on medication)(age-standardized estimate),2014,Both sexes,18+  years,5.9 [4-8.2]
Austria,Raised fasting blood glucose (>=7.0 mmol/L or on medication)(age-standardized estimate),2014,Both sexes,18+  years,4.3 [2.7-6.4]
Azerbaijan,Raised fasting blood glucose (>=7.0 mmol/L or on medication)(age-standardized estimate),2014,Both sexes,18+  years,12.3 [8.2-17.3]
Bahamas,Raised fasting blood glucose (>=7.0 mmol/L or on medication)(age-standardized estimate),2014,Both sexes,18+  years,12.5 [7.9-18.4]
Bahrain,Raised fasting blood glucose (>=7.0 mmol/L or on medication)(age-standardized estimate),2014,Both sexes,18+  years,11.5 [7.8-16.1]
Bangladesh,Raised fasting blood glucose (>=7.0 mmol/L or on medication)(age-standardized estimate),2014,Both sexes,18+  years,9.8 [6.6-13.7]
Barbados,Raised fasting blood glucose (>=7.0 mmol/L or on medication)(age-standardized estimate),2014,Both sexes,18+  years,12.2 [7.7-17.8]
Belarus,Raised fasting blood glucose (>=7.0 mmol/L or on medication)(age-standardized estimate),2014,Both sexes,18+  years,7.8 [4.6-11.8]
Belgium,Raised fasting blood glucose (>=7.0 mmol/L or on medication)(age-standardized estimate),2014,Both sexes,18+  years,4.6 [2.9-6.6]
Belize,Raised fasting blood glucose (>=7.0 mmol/L or on medication)(age-standardized estimate),2014,Both sexes,18+  years,12.7 [8.1-18.5]
Benin,Raised fasting blood glucose (>=7.0 mmol/L or on medication)(age-standardized estimate),2014,Both sexes,18+  years,7.2 [4.6-10.5]
Bhutan,Raised fasting blood glucose (>=7.0 mmol/L or on medication)(age-standardized estimate),2014,Both sexes,18+  years,11.8 [8.1-16]
Bolivia (Plurinational State of),Raised fasting blood glucose (>=7.0 mmol/L or on medication)(age-standardized estimate),2014,Both sexes,18+  years,8 [4.7-12.2]
Bosnia and Herzegovina,Raised fasting blood glucose (>=7.0 mmol/L or on medication)(age-standardized estimate),2014,Both sexes,18+  years,7.4 [4.7-10.8]
Botswana,Raised fasting blood glucose (>=7.0 mmol/L or on medication)(age-standardized estimate),2014,Both sexes,18+  years,8.6 [5.6-12.3]
Brazil,Raised fasting blood glucose (>=7.0 mmol/L or on medication)(age-standardized estimate),2014,Both sexes,18+  years,8.3 [5.3-12.1]
Brunei Darussalam,Raised fasting blood glucose (>=7.0 mmol/L or on medication)(age-standardized estimate),2014,Both sexes,18+  years,9.4 [5.9-13.7]
Bulgaria,Raised fasting blood glucose (>=7.0 mmol/L or on medication)(age-standardized estimate),2014,Both sexes,18+  years,7.6 [4.8-11.3]
Burkina Faso,Raised fasting blood glucose (>=7.0 mmol/L or on medication)(age-standardized estimate),2014,Both sexes,18+  years,6.3 [3.9-9.4]
Burundi,Raised fasting blood glucose (>=7.0 mmol/L or on medication)(age-standardized estimate),2014,Both sexes,18+  years,4.2 [2.4-6.7]
Cabo Verde,Raised fasting blood glucose (>=7.0 mmol/L or on medication)(age-standardized estimate),2014,Both sexes,18+  years,8.5 [5.5-12.4]
Cambodia,Raised fasting blood glucose (>=7.0 mmol/L or on medication)(age-standardized estimate),2014,Both sexes,18+  years,7.1 [4.6-10.4]
Cameroon,Raised fasting blood glucose (>=7.0 mmol/L or on medication)(age-standardized estimate),2014,Both sexes,18+  years,6.7 [4.2-9.9]
Canada,Raised fasting blood glucose (>=7.0 mmol/L or on medication)(age-standardized estimate),2014,Both sexes,18+  years,5.5 [3.6-7.9]
Central African Republic,Raised fasting blood glucose (>=7.0 mmol/L or on medication)(age-standardized estimate),2014,Both sexes,18+  years,7.8 [4.6-12.7]
Chad,Raised fasting blood glucose (>=7.0 mmol/L or on medication)(age-standardized estimate),2014,Both sexes,18+  years,7 [4.3-10.6]
Chile,Raised fasting blood glucose (>=7.0 mmol/L or on medication)(age-standardized estimate),2014,Both sexes,18+  years,10.5 [7-14.8]
China,Raised fasting blood glucose (>=7.0 mmol/L or on medication)(age-standardized estimate),2014,Both sexes,18+  years,8.8 [6-12.4]
Colombia,Raised fasting blood glucose (>=7.0 mmol/L or on medication)(age-standardized estimate),2014,Both sexes,18+  years,8.5 [5.5-12.4]
Comoros,Raised fasting blood glucose (>=7.0 mmol/L or on medication)(age-standardized estimate),2014,Both sexes,18+  years,8 [5.3-11.4]
Congo,Raised fasting blood glucose (>=7.0 mmol/L or on medication)(age-standardized estimate),2014,Both sexes,18+  years,7.7 [4.3-12.8]
Cook Islands,Raised fasting blood glucose (>=7.0 mmol/L or on medication)(age-standardized estimate),2014,Both sexes,18+  years,27.5 [19.8-35.6]
Costa Rica,Raised fasting blood glucose (>=7.0 mmol/L or on medication)(age-standardized estimate),2014,Both sexes,18+  years,8.9 [5.8-12.8]
Côte d’Ivoire,Raised fasting blood glucose (>=7.0 mmol/L or on medication)(age-standardized estimate),2014,Both sexes,18+  years,6.9 [4.3-10.3]
Croatia,Raised fasting blood glucose (>=7.0 mmol/L or on medication)(age-standardized estimate),2014,Both sexes,18+  years,7.3 [4.6-11]
Cuba,Raised fasting blood glucose (>=7.0 mmol/L or on medication)(age-standardized estimate),2014,Both sexes,18+  years,8.4 [5.2-12.7]
Cyprus,Raised fasting blood glucose (>=7.0 mmol/L or on medication)(age-standardized estimate),2014,Both sexes,18+  years,7 [4.4-10.2]
Czechia,Raised fasting blood glucose (>=7.0 mmol/L or on medication)(age-standardized estimate),2014,Both sexes,18+  years,7.5 [4.7-11.2]
Democratic People's Republic of Korea,Raised fasting blood glucose (>=7.0 mmol/L or on medication)(age-standardized estimate),2014,Both sexes,18+  years,5.9 [3.2-9.5]
Democratic Republic of the Congo,Raised fasting blood glucose (>=7.0 mmol/L or on medication)(age-standardized estimate),2014,Both sexes,18+  years,6.2 [3.5-10.6]
Denmark,Raised fasting blood glucose (>=7.0 mmol/L or on medication)(age-standardized estimate),2014,Both sexes,18+  years,4.3 [2.7-6.4]
Djibouti,Raised fasting blood glucose (>=7.0 mmol/L or on medication)(age-standardized estimate),2014,Both sexes,18+  years,8.1 [4.9-12.3]
Dominica,Raised fasting blood glucose (>=7.0 mmol/L or on medication)(age-standardized estimate),2014,Both sexes,18+  years,11.1 [7.1-16.4]
Dominican Republic,Raised fasting blood glucose (>=7.0 mmol/L or on medication)(age-standardized estimate),2014,Both sexes,18+  years,10.1 [6.3-15]
Ecuador,Raised fasting blood glucose (>=7.0 mmol/L or on medication)(age-standardized estimate),2014,Both sexes,18+  years,8 [4.6-12]
Egypt,Raised fasting blood glucose (>=7.0 mmol/L or on medication)(age-standardized estimate),2014,Both sexes,18+  years,17.9 [13.2-23.3]
El Salvador,Raised fasting blood glucose (>=7.0 mmol/L or on medication)(age-standardized estimate),2014,Both sexes,18+  years,10.1 [6.5-14.5]
Equatorial Guinea,Raised fasting blood glucose (>=7.0 mmol/L or on medication)(age-standardized estimate),2014,Both sexes,18+  years,9.4 [5.5-15]
Eritrea,Raised fasting blood glucose (>=7.0 mmol/L or on medication)(age-standardized estimate),2014,Both sexes,18+  years,5.5 [3.3-8.3]
Estonia,Raised fasting blood glucose (>=7.0 mmol/L or on medication)(age-standardized estimate),2014,Both sexes,18+  years,7.1 [4.2-11]
Eswatini,Raised fasting blood glucose (>=7.0 mmol/L or on medication)(age-standardized estimate),2014,Both sexes,18+  years,9.7 [6.2-14]
Ethiopia,Raised fasting blood glucose (>=7.0 mmol/L or on medication)(age-standardized estimate),2014,Both sexes,18+  years,5.4 [3.2-8.3]
Fiji,Raised fasting blood glucose (>=7.0 mmol/L or on medication)(age-standardized estimate),2014,Both sexes,18+  years,17.4 [11.5-24.3]
Finland,Raised fasting blood glucose (>=7.0 mmol/L or on medication)(age-standardized estimate),2014,Both sexes,18+  years,5.3 [3.6-7.6]
France,Raised fasting blood glucose (>=7.0 mmol/L or on medication)(age-standardized estimate),2014,Both sexes,18+  years,5.9 [3.8-8.6]
Gabon,Raised fasting blood glucose (>=7.0 mmol/L or on medication)(age-standardized estimate),2014,Both sexes,18+  years,10 [5.7-16.2]
Gambia,Raised fasting blood glucose (>=7.0 mmol/L or on medication)(age-standardized estimate),2014,Both sexes,18+  years,8.7 [5.5-13]
Georgia,Raised fasting blood glucose (>=7.0 mmol/L or on medication)(age-standardized estimate),2014,Both sexes,18+  years,12.6 [8.5-17.6]
Germany,Raised fasting blood glucose (>=7.0 mmol/L or on medication)(age-standardized estimate),2014,Both sexes,18+  years,5 [3.2-7.2]
"Germany, Federal Republic (former)",Raised fasting blood glucose (>=7.0 mmol/L or on medication)(age-standardized estimate),1989,Both sexes,18+  years,4.6 [3.2-6.5]
Ghana,Raised fasting blood glucose (>=7.0 mmol/L or on medication)(age-standardized estimate),2014,Both sexes,18+  years,6.5 [4.1-9.7]
Greece,Raised fasting blood glucose (>=7.0 mmol/L or on medication)(age-standardized estimate),2014,Both sexes,18+  years,6.6 [4.2-9.7]
Grenada,Raised fasting blood glucose (>=7.0 mmol/L or on medication)(age-standardized estimate),2014,Both sexes,18+  years,11.1 [6.7-16.6]
Guatemala,Raised fasting blood glucose (>=7.0 mmol/L or on medication)(age-standardized estimate),2014,Both sexes,18+  years,9.7 [6.1-14.2]
Guinea,Raised fasting blood glucose (>=7.0 mmol/L or on medication)(age-standardized estimate),2014,Both sexes,18+  years,6.4 [4.1-9.4]
Guinea-Bissau,Raised fasting blood glucose (>=7.0 mmol/L or on medication)(age-standardized estimate),2014,Both sexes,18+  years,7.1 [4.5-10.5]
Guyana,Raised fasting blood glucose (>=7.0 mmol/L or on medication)(age-standardized estimate),2014,Both sexes,18+  years,10.9 [6.8-16.5]
Haiti,Raised fasting blood glucose (>=7.0 mmol/L or on medication)(age-standardized estimate),2014,Both sexes,18+  years,8.7 [5.2-13.5]
Honduras,Raised fasting blood glucose (>=7.0 mmol/L or on medication)(age-standardized estimate),2014,Both sexes,18+  years,9.3 [5.9-13.6]
Hungary,Raised fasting blood glucose (>=7.0 mmol/L or on medication)(age-standardized estimate),2014,Both sexes,18+  years,7.7 [4.9-11.4]
Iceland,Raised fasting blood glucose (>=7.0 mmol/L or on medication)(age-standardized estimate),2014,Both sexes,18+  years,5.9 [3.6-8.8]
India,Raised fasting blood glucose (>=7.0 mmol/L or on medication)(age-standardized estimate),2014,Both sexes,18+  years,8.7 [5.9-12]
Indonesia,Raised fasting blood glucose (>=7.0 mmol/L or on medication)(age-standardized estimate),2014,Both sexes,18+  years,7.7 [5.1-11]
Iran (Islamic Republic of),Raised fasting blood glucose (>=7.0 mmol/L or on medication)(age-standardized estimate),2014,Both sexes,18+  years,12.1 [9-16.1]
Iraq,Raised fasting blood glucose (>=7.0 mmol/L or on medication)(age-standardized estimate),2014,Both sexes,18+  years,17.4 [12.5-23]
Ireland,Raised fasting blood glucose (>=7.0 mmol/L or on medication)(age-standardized estimate),2014,Both sexes,18+  years,6.2 [4.1-8.8]
Israel,Raised fasting blood glucose (>=7.0 mmol/L or on medication)(age-standardized estimate),2014,Both sexes,18+  years,6.4 [4-9.5]
Italy,Raised fasting blood glucose (>=7.0 mmol/L or on medication)(age-standardized estimate),2014,Both sexes,18+  years,5.8 [3.8-8.3]
Jamaica,Raised fasting blood glucose (>=7.0 mmol/L or on medication)(age-standardized estimate),2014,Both sexes,18+  years,11.9 [7.8-17.5]
Japan,Raised fasting blood glucose (>=7.0 mmol/L or on medication)(age-standardized estimate),2014,Both sexes,18+  years,6.7 [4.7-9]
Jordan,Raised fasting blood glucose (>=7.0 mmol/L or on medication)(age-standardized estimate),2014,Both sexes,18+  years,16.8 [12.4-21.9]
Kazakhstan,Raised fasting blood glucose (>=7.0 mmol/L or on medication)(age-standardized estimate),2014,Both sexes,18+  years,11.8 [7.6-16.9]
Kenya,Raised fasting blood glucose (>=7.0 mmol/L or on medication)(age-standardized estimate),2014,Both sexes,18+  years,6 [3.8-8.8]
Kiribati,Raised fasting blood glucose (>=7.0 mmol/L or on medication)(age-standardized estimate),2014,Both sexes,18+  years,22.3 [15.5-30.1]
Kiribati (until 1984),Raised fasting blood glucose (>=7.0 mmol/L or on medication)(age-standardized estimate),1983,Both sexes,18+  years,8 [5.1-11.6]
Kuwait,Raised fasting blood glucose (>=7.0 mmol/L or on medication)(age-standardized estimate),2014,Both sexes,18+  years,19.6 [14.5-25.6]
Kyrgyzstan,Raised fasting blood glucose (>=7.0 mmol/L or on medication)(age-standardized estimate),2014,Both sexes,18+  years,10.4 [6.8-14.7]
Lao People's Democratic Republic,Raised fasting blood glucose (>=7.0 mmol/L or on medication)(age-standardized estimate),2014,Both sexes,18+  years,7.7 [5-10.8]
Latvia,Raised fasting blood glucose (>=7.0 mmol/L or on medication)(age-standardized estimate),2014,Both sexes,18+  years,7.2 [4.2-11.2]
Lebanon,Raised fasting blood glucose (>=7.0 mmol/L or on medication)(age-standardized estimate),2014,Both sexes,18+  years,13.4 [9.5-18.1]
Lesotho,Raised fasting blood glucose (>=7.0 mmol/L or on medication)(age-standardized estimate),2014,Both sexes,18+  years,8.8 [5.4-13]
Liberia,Raised fasting blood glucose (>=7.0 mmol/L or on medication)(age-standardized estimate),2014,Both sexes,18+  years,7.7 [5-11.2]
Libya,Raised fasting blood glucose (>=7.0 mmol/L or on medication)(age-standardized estimate),2014,Both sexes,18+  years,15.9 [11.7-20.9]
Lithuania,Raised fasting blood glucose (>=7.0 mmol/L or on medication)(age-standardized estimate),2014,Both sexes,18+  years,7.9 [4.7-12.2]
Luxembourg,Raised fasting blood glucose (>=7.0 mmol/L or on medication)(age-standardized estimate),2014,Both sexes,18+  years,5.4 [3.4-8]
Madagascar,Raised fasting blood glucose (>=7.0 mmol/L or on medication)(age-standardized estimate),2014,Both sexes,18+  years,5.5 [3.4-8.3]
Malawi,Raised fasting blood glucose (>=7.0 mmol/L or on medication)(age-standardized estimate),2014,Both sexes,18+  years,6.3 [4-9.3]
Malaysia,Raised fasting blood glucose (>=7.0 mmol/L or on medication)(age-standardized estimate),2014,Both sexes,18+  years,11.1 [7.6-15.3]
Maldives,Raised fasting blood glucose (>=7.0 mmol/L or on medication)(age-standardized estimate),2014,Both sexes,18+  years,10.9 [6.7-16.3]
Mali,Raised fasting blood glucose (>=7.0 mmol/L or on medication)(age-standardized estimate),2014,Both sexes,18+  years,7.3 [4.4-11.1]
Malta,Raised fasting blood glucose (>=7.0 mmol/L or on medication)(age-standardized estimate),2014,Both sexes,18+  years,7.7 [4.9-11.2]
Marshall Islands,Raised fasting blood glucose (>=7.0 mmol/L or on medication)(age-standardized estimate),2014,Both sexes,18+  years,21.1 [14.6-28.6]
Mauritania,Raised fasting blood glucose (>=7.0 mmol/L or on medication)(age-standardized estimate),2014,Both sexes,18+  years,9 [5.6-13.4]
Mauritius,Raised fasting blood glucose (>=7.0 mmol/L or on medication)(age-standardized estimate),2014,Both sexes,18+  years,13 [8.8-17.9]
Mexico,Raised fasting blood glucose (>=7.0 mmol/L or on medication)(age-standardized estimate),2014,Both sexes,18+  years,11.2 [7.6-15.9]
Micronesia (Federated States of),Raised fasting blood glucose (>=7.0 mmol/L or on medication)(age-standardized estimate),2014,Both sexes,18+  years,22 [15.7-29.2]
Monaco,Raised fasting blood glucose (>=7.0 mmol/L or on medication)(age-standardized estimate),2014,Both sexes,18+  years,No data
Mongolia,Raised fasting blood glucose (>=7.0 mmol/L or on medication)(age-standardized estimate),2014,Both sexes,18+  years,11.7 [8-16.3]
Montenegro,Raised fasting blood glucose (>=7.0 mmol/L or on medication)(age-standardized estimate),2014,Both sexes,18+  years,7.1 [4.4-10.7]
Morocco,Raised fasting blood glucose (>=7.0 mmol/L or on medication)(age-standardized estimate),2014,Both sexes,18+  years,13.7 [9.7-18.8]
Mozambique,Raised fasting blood glucose (>=7.0 mmol/L or on medication)(age-standardized estimate),2014,Both sexes,18+  years,6.4 [4-9.4]
Myanmar,Raised fasting blood glucose (>=7.0 mmol/L or on medication)(age-standardized estimate),2014,Both sexes,18+  years,7.4 [4.9-10.5]
Namibia,Raised fasting blood glucose (>=7.0 mmol/L or on medication)(age-standardized estimate),2014,Both sexes,18+  years,7.4 [4.7-11]
Nauru,Raised fasting blood glucose (>=7.0 mmol/L or on medication)(age-standardized estimate),2014,Both sexes,18+  years,29.2 [20.7-38.5]
Nepal,Raised fasting blood glucose (>=7.0 mmol/L or on medication)(age-standardized estimate),2014,Both sexes,18+  years,10.6 [7.3-14.4]
Netherlands,Raised fasting blood glucose (>=7.0 mmol/L or on medication)(age-standardized estimate),2014,Both sexes,18+  years,4.3 [2.9-6.2]
New Zealand,Raised fasting blood glucose (>=7.0 mmol/L or on medication)(age-standardized estimate),2014,Both sexes,18+  years,6.9 [4.6-9.7]
Nicaragua,Raised fasting blood glucose (>=7.0 mmol/L or on medication)(age-standardized estimate),2014,Both sexes,18+  years,10.1 [6.5-14.7]
Niger,Raised fasting blood glucose (>=7.0 mmol/L or on medication)(age-standardized estimate),2014,Both sexes,18+  years,5.6 [3.3-8.8]
Nigeria,Raised fasting blood glucose (>=7.0 mmol/L or on medication)(age-standardized estimate),2014,Both sexes,18+  years,6.2 [3.9-9.1]
Niue,Raised fasting blood glucose (>=7.0 mmol/L or on medication)(age-standardized estimate),2014,Both sexes,18+  years,27.1 [19.8-34.8]
Norway,Raised fasting blood glucose (>=7.0 mmol/L or on medication)(age-standardized estimate),2014,Both sexes,18+  years,5.1 [3.2-7.4]
Oman,Raised fasting blood glucose (>=7.0 mmol/L or on medication)(age-standardized estimate),2014,Both sexes,18+  years,13.5 [9.6-18.4]
Pakistan,Raised fasting blood glucose (>=7.0 mmol/L or on medication)(age-standardized estimate),2014,Both sexes,18+  years,12.4 [8.3-17]
Palau,Raised fasting blood glucose (>=7.0 mmol/L or on medication)(age-standardized estimate),2014,Both sexes,18+  years,23.2 [16.6-30.8]
Panama,Raised fasting blood glucose (>=7.0 mmol/L or on medication)(age-standardized estimate),2014,Both sexes,18+  years,9.3 [6.2-13.3]
Papua New Guinea,Raised fasting blood glucose (>=7.0 mmol/L or on medication)(age-standardized estimate),2014,Both sexes,18+  years,14.8 [9.2-21.8]
Paraguay,Raised fasting blood glucose (>=7.0 mmol/L or on medication)(age-standardized estimate),2014,Both sexes,18+  years,8.1 [5.1-12.3]
Peru,Raised fasting blood glucose (>=7.0 mmol/L or on medication)(age-standardized estimate),2014,Both sexes,18+  years,7.7 [4.6-11.4]
Philippines,Raised fasting blood glucose (>=7.0 mmol/L or on medication)(age-standardized estimate),2014,Both sexes,18+  years,7.2 [4.9-10]
Poland,Raised fasting blood glucose (>=7.0 mmol/L or on medication)(age-standardized estimate),2014,Both sexes,18+  years,7.7 [5-10.9]
Portugal,Raised fasting blood glucose (>=7.0 mmol/L or on medication)(age-standardized estimate),2014,Both sexes,18+  years,6.8 [4.3-10]
Qatar,Raised fasting blood glucose (>=7.0 mmol/L or on medication)(age-standardized estimate),2014,Both sexes,18+  years,18.9 [13.5-25.4]
Republic of Korea,Raised fasting blood glucose (>=7.0 mmol/L or on medication)(age-standardized estimate),2014,Both sexes,18+  years,8 [5.5-11]
Republic of Moldova,Raised fasting blood glucose (>=7.0 mmol/L or on medication)(age-standardized estimate),2014,Both sexes,18+  years,8.1 [4.9-12.3]
Romania,Raised fasting blood glucose (>=7.0 mmol/L or on medication)(age-standardized estimate),2014,Both sexes,18+  years,6.8 [4.2-10.1]
Russian Federation,Raised fasting blood glucose (>=7.0 mmol/L or on medication)(age-standardized estimate),2014,Both sexes,18+  years,7.7 [4.6-11.9]
Rwanda,Raised fasting blood glucose (>=7.0 mmol/L or on medication)(age-standardized estimate),2014,Both sexes,18+  years,4.4 [2.6-6.9]
Saint Kitts and Nevis,Raised fasting blood glucose (>=7.0 mmol/L or on medication)(age-standardized estimate),2014,Both sexes,18+  years,14.5 [9.2-21.1]
Saint Lucia,Raised fasting blood glucose (>=7.0 mmol/L or on medication)(age-standardized estimate),2014,Both sexes,18+  years,14.5 [8.7-21.7]
Saint Vincent and the Grenadines,Raised fasting blood glucose (>=7.0 mmol/L or on medication)(age-standardized estimate),2014,Both sexes,18+  years,10.6 [6.6-15.8]
Samoa,Raised fasting blood glucose (>=7.0 mmol/L or on medication)(age-standardized estimate),2014,Both sexes,18+  years,24.6 [17.1-32.6]
San Marino,Raised fasting blood glucose (>=7.0 mmol/L or on medication)(age-standardized estimate),2014,Both sexes,18+  years,No data
Sao Tome and Principe,Raised fasting blood glucose (>=7.0 mmol/L or on medication)(age-standardized estimate),2014,Both sexes,18+  years,8 [5.1-11.9]
Saudi Arabia,Raised fasting blood glucose (>=7.0 mmol/L or on medication)(age-standardized estimate),2014,Both sexes,18+  years,17.4 [12.9-22.9]
Senegal,Raised fasting blood glucose (>=7.0 mmol/L or on medication)(age-standardized estimate),2014,Both sexes,18+  years,7.4 [4.6-10.9]
Serbia,Raised fasting blood glucose (>=7.0 mmol/L or on medication)(age-standardized estimate),2014,Both sexes,18+  years,6.9 [4.3-10.2]
Seychelles,Raised fasting blood glucose (>=7.0 mmol/L or on medication)(age-standardized estimate),2014,Both sexes,18+  years,10.4 [6.9-14.9]
Sierra Leone,Raised fasting blood glucose (>=7.0 mmol/L or on medication)(age-standardized estimate),2014,Both sexes,18+  years,6.9 [4.4-10.2]
Singapore,Raised fasting blood glucose (>=7.0 mmol/L or on medication)(age-standardized estimate),2014,Both sexes,18+  years,7.9 [5.5-10.8]
Slovakia,Raised fasting blood glucose (>=7.0 mmol/L or on medication)(age-standardized estimate),2014,Both sexes,18+  years,7.2 [4.7-10.5]
Slovenia,Raised fasting blood glucose (>=7.0 mmol/L or on medication)(age-standardized estimate),2014,Both sexes,18+  years,7.1 [4.4-10.6]
Solomon Islands,Raised fasting blood glucose (>=7.0 mmol/L or on medication)(age-standardized estimate),2014,Both sexes,18+  years,13.9 [8.8-20.5]
Somalia,Raised fasting blood glucose (>=7.0 mmol/L or on medication)(age-standardized estimate),2014,Both sexes,18+  years,6.8 [4.2-10.4]
South Africa,Raised fasting blood glucose (>=7.0 mmol/L or on medication)(age-standardized estimate),2014,Both sexes,18+  years,11.3 [7.2-16.4]
South Sudan,Raised fasting blood glucose (>=7.0 mmol/L or on medication)(age-standardized estimate),2014,Both sexes,18+  years,No data
Spain,Raised fasting blood glucose (>=7.0 mmol/L or on medication)(age-standardized estimate),2014,Both sexes,18+  years,7.1 [4.6-10.2]
Sri Lanka,Raised fasting blood glucose (>=7.0 mmol/L or on medication)(age-standardized estimate),2014,Both sexes,18+  years,7.4 [4.8-10.9]
Sudan,Raised fasting blood glucose (>=7.0 mmol/L or on medication)(age-standardized estimate),2014,Both sexes,18+  years,No data
Sudan (until 2011),Raised fasting blood glucose (>=7.0 mmol/L or on medication)(age-standardized estimate),2014,Both sexes,18+  years,8.9 [5.7-13]
Suriname,Raised fasting blood glucose (>=7.0 mmol/L or on medication)(age-standardized estimate),2014,Both sexes,18+  years,12.3 [8.1-17.8]
Sweden,Raised fasting blood glucose (>=7.0 mmol/L or on medication)(age-standardized estimate),2014,Both sexes,18+  years,4.9 [3.2-7.1]
Switzerland,Raised fasting blood glucose (>=7.0 mmol/L or on medication)(age-standardized estimate),2014,Both sexes,18+  years,4 [2.5-6.1]
Syrian Arab Republic,Raised fasting blood glucose (>=7.0 mmol/L or on medication)(age-standardized estimate),2014,Both sexes,18+  years,14.6 [10.7-19.5]
Tajikistan,Raised fasting blood glucose (>=7.0 mmol/L or on medication)(age-standardized estimate),2014,Both sexes,18+  years,10.1 [6.4-14.7]
Thailand,Raised fasting blood glucose (>=7.0 mmol/L or on medication)(age-standardized estimate),2014,Both sexes,18+  years,8.5 [5.8-11.9]
The former Yugoslav Republic of Macedonia,Raised fasting blood glucose (>=7.0 mmol/L or on medication)(age-standardized estimate),2014,Both sexes,18+  years,7.2 [4.5-10.6]
Timor-Leste,Raised fasting blood glucose (>=7.0 mmol/L or on medication)(age-standardized estimate),2014,Both sexes,18+  years,5.5 [3.4-7.9]
Togo,Raised fasting blood glucose (>=7.0 mmol/L or on medication)(age-standardized estimate),2014,Both sexes,18+  years,7.1 [4.6-10.4]
Tonga,Raised fasting blood glucose (>=7.0 mmol/L or on medication)(age-standardized estimate),2014,Both sexes,18+  years,24.2 [17.2-32]
Trinidad and Tobago,Raised fasting blood glucose (>=7.0 mmol/L or on medication)(age-standardized estimate),2014,Both sexes,18+  years,11.7 [7-18]
Tunisia,Raised fasting blood glucose (>=7.0 mmol/L or on medication)(age-standardized estimate),2014,Both sexes,18+  years,12.5 [9-16.7]
Turkey,Raised fasting blood glucose (>=7.0 mmol/L or on medication)(age-standardized estimate),2014,Both sexes,18+  years,13.6 [10.5-17.4]
Turkmenistan,Raised fasting blood glucose (>=7.0 mmol/L or on medication)(age-standardized estimate),2014,Both sexes,18+  years,12.2 [8.4-16.8]
Tuvalu,Raised fasting blood glucose (>=7.0 mmol/L or on medication)(age-standardized estimate),2014,Both sexes,18+  years,23.8 [17.1-31.2]
Uganda,Raised fasting blood glucose (>=7.0 mmol/L or on medication)(age-standardized estimate),2014,Both sexes,18+  years,4.6 [2.8-6.9]
Ukraine,Raised fasting blood glucose (>=7.0 mmol/L or on medication)(age-standardized estimate),2014,Both sexes,18+  years,7.3 [4.3-11.4]
United Arab Emirates,Raised fasting blood glucose (>=7.0 mmol/L or on medication)(age-standardized estimate),2014,Both sexes,18+  years,15.1 [10.8-20.6]
United Kingdom of Great Britain and Northern Ireland,Raised fasting blood glucose (>=7.0 mmol/L or on medication)(age-standardized estimate),2014,Both sexes,18+  years,5.8 [4.1-7.7]
United Republic of Tanzania,Raised fasting blood glucose (>=7.0 mmol/L or on medication)(age-standardized estimate),2014,Both sexes,18+  years,6.1 [4-8.7]
United States of America,Raised fasting blood glucose (>=7.0 mmol/L or on medication)(age-standardized estimate),2014,Both sexes,18+  years,7.3 [5.1-10.1]
Uruguay,Raised fasting blood glucose (>=7.0 mmol/L or on medication)(age-standardized estimate),2014,Both sexes,18+  years,9.5 [6.2-13.8]
Uzbekistan,Raised fasting blood glucose (>=7.0 mmol/L or on medication)(age-standardized estimate),2014,Both sexes,18+  years,10.6 [7-15.1]
Vanuatu,Raised fasting blood glucose (>=7.0 mmol/L or on medication)(age-standardized estimate),2014,Both sexes,18+  years,15.9 [10.4-22.9]
Venezuela (Bolivarian Republic of),Raised fasting blood glucose (>=7.0 mmol/L or on medication)(age-standardized estimate),2014,Both sexes,18+  years,9.5 [6.2-13.4]
Viet Nam,Raised fasting blood glucose (>=7.0 mmol/L or on medication)(age-standardized estimate),2014,Both sexes,18+  years,5.3 [3.4-7.6]
Yemen,Raised fasting blood glucose (>=7.0 mmol/L or on medication)(age-standardized estimate),2014,Both sexes,18+  years,11.3 [7.4-16.3]
Yemen Arab Republic (until 1990),Raised fasting blood glucose (>=7.0 mmol/L or on medication)(age-standardized estimate),1989,Both sexes,18+  years,4.3 [2.6-6.6]
Zambia,Raised fasting blood glucose (>=7.0 mmol/L or on medication)(age-standardized estimate),2014,Both sexes,18+  years,6.6 [4.2-9.7]
Zimbabwe,Raised fasting blood glucose (>=7.0 mmol/L or on medication)(age-standardized estimate),2014,Both sexes,18+  years,7.1 [4.3-10.5]
